ts,cliente_id,evento,sku
2026-09-16T19:00:02,71,view,HZ-166
2026-09-16T19:00:38,74,purchase,HZ-120
2026-09-16T19:00:45,59,view,HZ-146
2026-09-16T19:00:55,34,view,HZ-147
2026-09-16T19:01:33,30,view,HZ-133
2026-09-16T19:01:53,74,view,HZ-152
2026-09-16T19:02:30,10,view,HZ-193
2026-09-16T19:02:51,23,cart,HZ-163
2026-09-16T19:03:28,77,view,HZ-183
2026-09-16T19:03:48,74,view,HZ-149
2026-09-16T19:03:54,43,view,HZ-145
2026-09-16T19:04:22,16,view,HZ-212
2026-09-16T19:04:37,2,purchase,HZ-182
2026-09-16T19:05:02,40,view,HZ-168
2026-09-16T19:05:05,70,view,HZ-173
2026-09-16T19:05:15,65,view,HZ-190
2026-09-16T19:05:30,7,view,HZ-187
2026-09-16T19:05:56,77,cart,HZ-174
2026-09-16T19:06:29,29,view,HZ-156
2026-09-16T19:06:48,19,view,HZ-117
2026-09-16T19:07:10,61,view,HZ-174
2026-09-16T19:07:14,52,cart,HZ-134
2026-09-16T19:07:20,65,view,HZ-156
2026-09-16T19:07:29,62,view,HZ-172
2026-09-16T19:07:42,51,cart,HZ-184
2026-09-16T19:08:19,72,view,HZ-179
2026-09-16T19:08:53,32,view,HZ-110
2026-09-16T19:09:11,42,view,HZ-188
2026-09-16T19:09:48,15,view,HZ-186
2026-09-16T19:10:15,47,view,HZ-145
2026-09-16T19:10:28,45,view,HZ-177
2026-09-16T19:10:30,22,view,HZ-145
2026-09-16T19:11:10,80,cart,HZ-119
2026-09-16T19:11:39,30,view,HZ-126
2026-09-16T19:12:03,11,view,HZ-115
2026-09-16T19:12:07,80,view,HZ-219
2026-09-16T19:12:17,2,view,HZ-144
2026-09-16T19:12:25,58,view,HZ-161
2026-09-16T19:12:27,27,view,HZ-195
2026-09-16T19:13:02,27,view,HZ-170
2026-09-16T19:13:36,71,view,HZ-162
2026-09-16T19:14:16,3,view,HZ-149
2026-09-16T19:14:54,6,cart,HZ-133
2026-09-16T19:15:05,37,view,HZ-126
2026-09-16T19:15:45,7,view,HZ-160
2026-09-16T19:15:46,50,view,HZ-185
2026-09-16T19:16:04,14,view,HZ-103
2026-09-16T19:16:23,30,view,HZ-149
2026-09-16T19:16:56,41,view,HZ-163
2026-09-16T19:17:35,12,cart,HZ-124
2026-09-16T19:17:48,59,cart,HZ-172
2026-09-16T19:17:50,32,view,HZ-219
2026-09-16T19:18:24,43,view,HZ-163
2026-09-16T19:18:50,3,view,HZ-145
2026-09-16T19:19:13,39,view,HZ-131
2026-09-16T19:19:46,8,view,HZ-181
2026-09-16T19:20:03,4,view,HZ-172
2026-09-16T19:20:21,20,view,HZ-144
2026-09-16T19:20:47,12,view,HZ-194
2026-09-16T19:21:12,79,cart,HZ-212
2026-09-16T19:21:27,31,view,HZ-174
2026-09-16T19:21:37,40,view,HZ-217
2026-09-16T19:22:16,58,view,HZ-170
2026-09-16T19:22:25,18,view,HZ-175
2026-09-16T19:23:00,18,view,HZ-140
2026-09-16T19:23:34,56,view,HZ-217
2026-09-16T19:23:44,21,purchase,HZ-141
2026-09-16T19:23:49,69,cart,HZ-193
2026-09-16T19:23:57,41,view,HZ-208
2026-09-16T19:24:07,41,view,HZ-213
2026-09-16T19:24:34,39,view,HZ-157
2026-09-16T19:24:52,25,view,HZ-114
2026-09-16T19:25:01,4,view,HZ-198
2026-09-16T19:25:41,35,purchase,HZ-178
2026-09-16T19:26:18,30,purchase,HZ-177
2026-09-16T19:26:33,4,view,HZ-146
2026-09-16T19:26:39,18,cart,HZ-165
2026-09-16T19:27:18,48,cart,HZ-124
2026-09-16T19:27:43,61,cart,HZ-118
2026-09-16T19:27:54,29,view,HZ-105
2026-09-16T19:28:21,35,view,HZ-153
2026-09-16T19:28:36,27,view,HZ-109
2026-09-16T19:28:48,79,cart,HZ-163
2026-09-16T19:29:09,32,cart,HZ-155
2026-09-16T19:29:35,78,view,HZ-195
2026-09-16T19:30:00,51,view,HZ-179
2026-09-16T19:30:37,69,purchase,HZ-168
2026-09-16T19:30:40,14,cart,HZ-158
2026-09-16T19:31:10,32,view,HZ-167
2026-09-16T19:31:45,6,view,HZ-172
2026-09-16T19:32:10,7,cart,HZ-125
2026-09-16T19:32:29,51,cart,HZ-214
2026-09-16T19:32:49,60,view,HZ-122
2026-09-16T19:33:17,79,view,HZ-218
2026-09-16T19:33:21,19,cart,HZ-160
2026-09-16T19:33:50,65,view,HZ-115
2026-09-16T19:34:02,70,purchase,HZ-118
2026-09-16T19:34:28,42,view,HZ-158
2026-09-16T19:34:30,59,view,HZ-176
2026-09-16T19:34:43,12,cart,HZ-133
2026-09-16T19:35:04,16,view,HZ-112
2026-09-16T19:35:12,47,cart,HZ-111
2026-09-16T19:35:46,66,view,HZ-179
2026-09-16T19:35:57,71,view,HZ-149
2026-09-16T19:36:00,43,view,HZ-173
2026-09-16T19:36:10,19,view,HZ-123
2026-09-16T19:36:14,40,view,HZ-140
2026-09-16T19:36:43,24,view,HZ-116
2026-09-16T19:36:52,1,view,HZ-180
2026-09-16T19:37:09,59,view,HZ-164
2026-09-16T19:37:41,1,cart,HZ-178
2026-09-16T19:38:13,28,view,HZ-176
2026-09-16T19:38:44,53,cart,HZ-157
2026-09-16T19:38:50,77,purchase,HZ-101
2026-09-16T19:39:06,36,cart,HZ-180
2026-09-16T19:39:42,7,view,HZ-124
2026-09-16T19:39:52,45,view,HZ-105
2026-09-16T19:40:02,74,view,HZ-208
2026-09-16T19:40:41,43,view,HZ-218
2026-09-16T19:40:47,14,view,HZ-154
2026-09-16T19:40:59,37,view,HZ-179
2026-09-16T19:41:38,72,purchase,HZ-123
2026-09-16T19:42:08,47,purchase,HZ-220
2026-09-16T19:42:11,39,view,HZ-142
2026-09-16T19:42:35,9,view,HZ-198
2026-09-16T19:43:03,9,cart,HZ-138
2026-09-16T19:43:34,16,view,HZ-189
2026-09-16T19:43:52,68,view,HZ-153
2026-09-16T19:44:26,27,view,HZ-179
2026-09-16T19:44:30,74,view,HZ-194
2026-09-16T19:45:04,62,view,HZ-193
2026-09-16T19:45:43,55,view,HZ-178
2026-09-16T19:46:04,68,view,HZ-174
2026-09-16T19:46:44,17,view,HZ-179
2026-09-16T19:47:21,67,cart,HZ-194
2026-09-16T19:47:53,24,cart,HZ-214
2026-09-16T19:48:33,38,view,HZ-125
2026-09-16T19:48:34,4,view,HZ-160
2026-09-16T19:48:42,79,view,HZ-154
2026-09-16T19:49:09,43,view,HZ-145
2026-09-16T19:49:45,2,view,HZ-182
2026-09-16T19:49:58,33,view,HZ-202
2026-09-16T19:50:03,39,view,HZ-165
2026-09-16T19:50:39,1,view,HZ-115
2026-09-16T19:51:01,51,view,HZ-193
2026-09-16T19:51:38,4,purchase,HZ-207
2026-09-16T19:51:50,43,view,HZ-207
2026-09-16T19:52:12,61,cart,HZ-203
2026-09-16T19:52:15,62,view,HZ-120
2026-09-16T19:52:45,43,cart,HZ-160
2026-09-16T19:53:12,67,view,HZ-139
2026-09-16T19:53:49,72,view,HZ-169
2026-09-16T19:53:51,74,view,HZ-188
2026-09-16T19:54:13,9,view,HZ-120
2026-09-16T19:54:31,44,view,HZ-149
2026-09-16T19:55:06,74,view,HZ-178
2026-09-16T19:55:31,77,view,HZ-115
2026-09-16T19:55:51,5,view,HZ-135
2026-09-16T19:56:18,64,view,HZ-213
2026-09-16T19:56:34,58,view,HZ-207
2026-09-16T19:56:54,68,view,HZ-139
2026-09-16T19:57:06,48,view,HZ-201
2026-09-16T19:57:09,12,view,HZ-157
2026-09-16T19:57:42,62,view,HZ-216
2026-09-16T19:58:15,25,view,HZ-144
2026-09-16T19:58:46,40,cart,HZ-200
2026-09-16T19:59:07,13,view,HZ-206
2026-09-16T19:59:41,27,view,HZ-193
2026-09-16T19:59:44,50,cart,HZ-192
2026-09-16T20:00:18,1,view,HZ-140
2026-09-16T20:00:21,12,purchase,HZ-143
2026-09-16T20:00:51,14,view,HZ-167
2026-09-16T20:01:11,74,view,HZ-198
2026-09-16T20:01:31,42,view,HZ-126
2026-09-16T20:01:44,36,view,HZ-169
2026-09-16T20:02:05,16,cart,HZ-135
2026-09-16T20:02:15,36,view,HZ-115
2026-09-16T20:02:16,72,purchase,HZ-166
2026-09-16T20:02:23,70,view,HZ-145
2026-09-16T20:02:59,35,view,HZ-119
2026-09-16T20:03:18,32,purchase,HZ-122
2026-09-16T20:03:23,79,view,HZ-215
2026-09-16T20:03:45,57,cart,HZ-107
2026-09-16T20:03:54,61,view,HZ-216
2026-09-16T20:03:58,50,view,HZ-107
2026-09-16T20:04:04,51,view,HZ-123
2026-09-16T20:04:43,58,purchase,HZ-179
2026-09-16T20:05:06,43,view,HZ-205
2026-09-16T20:05:19,11,cart,HZ-219
2026-09-16T20:05:49,17,purchase,HZ-112
2026-09-16T20:06:19,59,view,HZ-140
2026-09-16T20:06:49,30,cart,HZ-129
2026-09-16T20:06:59,34,purchase,HZ-217
2026-09-16T20:07:23,24,view,HZ-190
2026-09-16T20:07:45,59,view,HZ-163
2026-09-16T20:07:47,61,view,HZ-115
2026-09-16T20:08:10,60,cart,HZ-209
2026-09-16T20:08:21,45,view,HZ-178
2026-09-16T20:08:58,66,view,HZ-114
2026-09-16T20:09:24,42,view,HZ-172
